Iterations,1 Threads,2 Threads,4 Threads,8 Threads,16 Threads,32 Threads
10,0.00020169999999999997,0.00027370000000000004,0.0002699,0.0006425999999999999,0.0014888000000000002,0.0030406999999999995
100,0.0002052,0.00023080000000000003,0.0003894,0.0005436,0.0014693,0.0023039999999999996
1000,0.00020729999999999997,0.00043630000000000003,0.0012462,0.0026468999999999998,0.0050324,0.0087735
10000,0.0008709999999999999,0.004948599999999999,0.008810299999999998,0.020291399999999994,0.041502399999999995,0.08518060000000001
100000,0.0064751,0.0505559,0.09811009999999999,0.2171611,0.41121679999999994,0.8057983
1000000,0.037955800000000005,0.5280338,0.9024785999999999,1.9377767999999995,4.343133199999999,8.606777400000002
