Iterations,1 Threads,2 Threads,3 Threads,4 Threads,5 Threads,6 Threads,7 Threads,8 Threads
10,1.0,0.8946107784431137,0.3930544593528019,0.25705437026841016,0.14431296788215406,0.11069126472549458,0.0945629470219634,0.07716942148760332
100,1.0,0.5872294372294372,0.3447706188842293,0.20048773278155485,0.13548064918851435,0.09964007639194948,0.09391117726470283,0.06963552361396307
1000,1.0,0.4178356713426854,0.24680397727272727,0.15848282152629978,0.09142731857048893,0.07904913557779801,0.052347476776299265,0.05771147032772365
10000,1.0,0.5206917850525016,0.3308801884015309,0.20230381569474445,0.13412887828162295,0.11294212218649521,0.09047976816571861,0.06381529144587435
100000,1.0,0.5161349300667336,0.3157188391209528,0.1710598073077622,0.11010140405616223,0.11835733601660273,0.09741789100446023,0.056523306102835166
1000000,1.0,0.6199883223043985,0.37992583067777347,0.2440528634361233,0.13347649600628517,0.11245926308380386,0.09507890907734207,0.06550820009254021
