Iterations,1 Threads,2 Threads,3 Threads,4 Threads,5 Threads,6 Threads,7 Threads,8 Threads
10,1.0,0.5058284762697751,0.2859159901164844,0.16639276910435497,0.13410596026490065,0.06977946243969678,0.07584506382845907,0.06571830376460405
100,1.0,0.6874345549738219,0.3234786893323478,0.22591190640055056,0.11652984246727313,0.1045798486658702,0.06927845930616014,0.060674676524953786
1000,1.0,0.5538641686182669,0.35377711293941655,0.20329512893982807,0.12735023558447384,0.09649122807017545,0.08004512762656887,0.07132086851628466
10000,1.0,0.5952569169960475,0.3019548872180451,0.20026595744680853,0.13573681838666066,0.09889676910953507,0.08871870397643594,0.06475748194014448
100000,1.0,0.5679735986602303,0.39021996615905236,0.1804764289738934,0.11824241181296141,0.11017159672857904,0.09005498110024678,0.07037963867187498
1000000,1.0,0.7076653112969805,0.3532319303606983,0.17563735572200395,0.14682202370451156,0.09438368367006073,0.07948422297432228,0.06649538901382424
