Iterations,1 Threads,2 Threads,4 Threads,8 Threads,16 Threads,32 Threads
10,1.0,0.5081070125658697,0.06178529179810728,0.06130183881064165,0.012949380165289258,0.0038426402785952537
100,1.0,0.566155321188878,0.16694939214023177,0.06386545533203546,0.014126794258373201,0.0038209183145253116
1000,1.0,0.5020695364238411,0.16074741584945668,0.053389084507042245,0.016585539269306497,0.004274016236328786
10000,1.0,0.5146960587842351,0.22588683670477866,0.06694178974804518,0.019954936289236502,0.004647165259348613
100000,1.0,0.45631227867907437,0.2127716765225405,0.06327942990269973,0.015250346786445603,0.005082963952327833
1000000,1.0,0.6793797331410029,0.22843368351618515,0.06266665247404082,0.018389955456152744,0.006596875945452305
