Iterations,1 Threads,2 Threads,4 Threads,8 Threads,16 Threads,32 Threads
10,0.0002507000000000001,0.0002467,0.0010144,0.0005112,0.0012100000000000001,0.0020388
100,0.00023619999999999994,0.00020860000000000003,0.00035370000000000003,0.0004623,0.0010450000000000001,0.0019318000000000002
1000,0.00024260000000000002,0.00024159999999999996,0.0003773,0.0005680000000000001,0.0009142000000000001,0.0017738
10000,0.0003082,0.00029940000000000007,0.0003411,0.0005755,0.0009653000000000002,0.0020725
100000,0.0011082,0.0012143,0.0013021,0.0021891000000000002,0.0045417,0.006813200000000001
1000000,0.009419600000000004,0.006932499999999999,0.0103089,0.0187891,0.0320134,0.04462150000000001
