Iterations,1 Threads,2 Threads,3 Threads,4 Threads,5 Threads,6 Threads,7 Threads,8 Threads
10,0.0002988,0.00016700000000000002,0.0002534,0.0002906,0.00041410000000000004,0.00044989999999999993,0.0004514000000000001,0.00048399999999999995
100,0.00027130000000000004,0.00023100000000000003,0.00026230000000000003,0.00033830000000000004,0.0004005000000000001,0.0004538,0.00041270000000000006,0.0004869999999999999
1000,0.0002085,0.0002495,0.0002816,0.0003289,0.0004561,0.00043959999999999995,0.0005690000000000001,0.0004516
10000,0.00033720000000000006,0.00032380000000000006,0.00033969999999999996,0.0004167,0.0005028,0.0004976,0.0005323999999999999,0.0006605000000000001
100000,0.0011292,0.0010939,0.0011922000000000002,0.0016503,0.0020512000000000004,0.0015901,0.0016559,0.0024972
1000000,0.010193599999999999,0.0082208,0.008943499999999998,0.010442,0.015274000000000001,0.015107099999999998,0.015316000000000001,0.019451000000000003
