Iterations,1 Threads,2 Threads,3 Threads,4 Threads,5 Threads,6 Threads,7 Threads,8 Threads
10,0.000243,0.00024020000000000004,0.00028329999999999995,0.00036510000000000004,0.0003624,0.0005803999999999999,0.00045769999999999996,0.0004622000000000001
100,0.0002626,0.000191,0.0002706,0.0002906,0.00045069999999999995,0.0004184999999999999,0.0005415,0.000541
1000,0.00028379999999999996,0.0002562,0.0002674,0.00034899999999999997,0.0004457,0.0004901999999999999,0.0005065,0.0004974000000000001
10000,0.0003012,0.00025299999999999997,0.0003325,0.000376,0.0004438,0.0005076,0.000485,0.0005814
100000,0.0011530999999999998,0.0010151000000000001,0.000985,0.0015973,0.0019504000000000001,0.0017444000000000001,0.0018292,0.0020480000000000003
1000000,0.0091545,0.0064681,0.008638799999999999,0.013030399999999998,0.012470199999999999,0.016165400000000003,0.0164534,0.0172089
