Iterations,1 Threads,2 Threads,4 Threads,8 Threads,16 Threads,32 Threads
10,1.0,0.5258517034068136,0.1852060982495765,0.06649097912021082,0.015185185185185187,0.0049181311101781314
100,1.0,0.4516622922134734,0.19429808054196468,0.06271258503401361,0.011573036226685799,0.0035435313821316795
1000,1.0,0.48605986059860595,0.18523437499999998,0.058307102105056074,0.015536538058293144,0.003599929550092313
10000,1.0,0.4462213416360034,0.14225771521386033,0.05407862239297474,0.012468364441632396,0.0038949776653358107
100000,1.0,0.24718413836743297,0.07511023945034097,0.02621465640658554,0.006880771651620053,0.0019916506686535017
1000000,1.0,0.14648150934878298,0.04419777400661783,0.01735888970871795,0.007393108594604449,0.0029436368529839134
