Iterations,1 Threads,2 Threads,3 Threads,4 Threads,5 Threads,6 Threads,7 Threads,8 Threads
10,1.0,0.5992840095465394,0.2706110572259942,0.19226646248085755,0.11592797783933517,0.08814237573715247,0.06974806255381795,0.05913244159758854
100,1.0,0.5720122574055159,0.27839920457370115,0.1544827586206896,0.10440456769983686,0.08130081300813007,0.07233273056057865,0.05905927019616114
1000,1.0,0.5540131246845028,0.2570859686109159,0.17382008235666774,0.0937833796197394,0.08024420560064341,0.06607067605803385,0.04751905091790786
10000,1.0,0.37147147147147136,0.16612946548482405,0.14044050862851948,0.06649643865071897,0.05851189631521687,0.05255443441317046,0.03944012243336309
100000,1.0,0.25199079401611046,0.0942141222227959,0.06499311425586476,0.03127258186595833,0.039716914058532476,0.025883977182194925,0.017053029642274193
1000000,1.0,0.250598095199559,0.09708905283991259,0.05871909739505558,0.04302212496960856,0.04951248005100546,0.03778127110117086,0.02801196781444912
