Iterations,1 Threads,2 Threads,3 Threads,4 Threads,5 Threads,6 Threads,7 Threads,8 Threads
10,1.0,0.4773339317773788,0.2225360954174513,0.15110826939471442,0.11588123127213294,0.0800406412282682,0.06967602450289907,0.04603099030470913
100,1.0,0.5403970452446907,0.29380020080321284,0.18329157532101473,0.10655439235320895,0.10291919458366308,0.08000683526999318,0.05953713123092575
1000,1.0,0.45813106796116504,0.22564255827854152,0.18462667101402017,0.10071142730102266,0.08188720173535793,0.05272469098442702,0.04682848164075422
10000,1.0,0.46625595071408554,0.21110688474705208,0.15975820379965458,0.12213460480469467,0.08202778598876735,0.06738162687171184,0.04357726130653266
100000,1.0,0.3032478721737768,0.09750589736486429,0.0721966683242168,0.03180753905768625,0.03329721237974016,0.03021827926216926,0.028961042846884222
1000000,1.0,0.2065113582099734,0.08273088136112665,0.05727848956643962,0.04145508254287315,0.0359070617828691,0.030977469768250977,0.023455105926106307
