Iterations,1 Threads,2 Threads,4 Threads,8 Threads,16 Threads,32 Threads
10,1.0,0.3906976744186046,0.1420518602029312,0.041972018654230524,0.012784090909090908,0.0036307053941908715
100,1.0,0.4512534818941504,0.17532467532467533,0.05977859778597787,0.016436688311688312,0.004468225948808473
1000,1.0,0.42035398230088505,0.1704545454545455,0.044144981412639415,0.01409216772151899,0.00411944958371878
10000,1.0,0.3973118279569892,0.1304731638418079,0.03659865293185419,0.01167530333670374,0.003333393475750577
100000,1.0,0.2591331269349846,0.06327487148472938,0.018995098039215688,0.005690883707437359,0.0019314433750953798
1000000,1.0,0.26650661697959954,0.061408771659437665,0.01683918663551345,0.006193211088215439,0.002022928640020424
