Iterations,1 Threads,2 Threads,4 Threads,8 Threads,16 Threads,32 Threads
10,5.04e-05,6.450000000000001e-05,8.870000000000001e-05,0.00015009999999999996,0.0002464,0.0004338
100,6.48e-05,7.180000000000001e-05,9.24e-05,0.0001355,0.0002464,0.00045320000000000007
1000,5.700000000000001e-05,6.78e-05,8.36e-05,0.0001614,0.0002528,0.0004324
10000,7.39e-05,9.3e-05,0.0001416,0.0002524,0.0003956,0.0006928
100000,0.00025110000000000003,0.00048449999999999996,0.0009920999999999999,0.0016524,0.0027576999999999996,0.004062700000000001
1000000,0.0022312999999999994,0.0041862,0.0090838,0.0165633,0.0225176,0.0344689
