Iterations,1 Threads,2 Threads,3 Threads,4 Threads,5 Threads,6 Threads,7 Threads,8 Threads
10,0.00027489999999999996,0.0002251,0.00027519999999999997,0.000353,0.0004512,0.00042490000000000003,0.00047359999999999997,0.000592
100,0.0002741,0.0002023,0.0003141,0.0003156,0.0004417,0.0004397,0.0004834,0.0005014
1000,0.0002613,0.00019980000000000003,0.0003024,0.0003206,0.0004252,0.0004677,0.0005136000000000001,0.0005499999999999999
10000,0.00030209999999999997,0.000256,0.0004904999999999999,0.0005354,0.0006878,0.0006698,0.0006487999999999999,0.0007821999999999999
100000,0.0009023,0.0022689,0.0037720999999999996,0.005461200000000001,0.0056857,0.005115,0.0058328,0.0075347
1000000,0.0084565,0.022846400000000003,0.030208999999999996,0.033071699999999996,0.0436054,0.0400162,0.036390900000000004,0.0397522
