Iterations,1 Threads,2 Threads,3 Threads,4 Threads,5 Threads,6 Threads,7 Threads,8 Threads
10,0.0002127,0.0002228,0.00031860000000000005,0.0003519,0.0003671,0.0004429000000000001,0.00043610000000000003,0.0005776000000000002
100,0.00023410000000000003,0.0002166,0.0002656,0.0003193,0.00043939999999999995,0.00037909999999999994,0.00041799999999999997,0.0004915
1000,0.00022649999999999998,0.0002472,0.0003346,0.00030670000000000003,0.00044980000000000004,0.00046099999999999993,0.0006136999999999999,0.0006046
10000,0.00033299999999999996,0.00035710000000000006,0.0005258,0.0005210999999999999,0.0005453,0.0006766,0.000706,0.0009552
100000,0.0011614999999999998,0.0019150999999999999,0.0039707,0.0040219999999999995,0.0073033,0.005813799999999999,0.005491,0.0050132
1000000,0.0084763,0.020522600000000002,0.0341521,0.036996,0.0408939,0.039343699999999995,0.0390897,0.045173
