Iterations,1 Threads,2 Threads,4 Threads,8 Threads,16 Threads,32 Threads
10,5.27e-05,6.049999999999999e-05,8.83e-05,0.0001735,0.00024880000000000003,0.0004898999999999999
100,4.85e-05,7.120000000000001e-05,0.0001266,0.0002729000000000001,0.0016535999999999999,0.0007654
1000,0.0001226,0.00018989999999999998,0.00045070000000000006,0.0010652,0.0029589,0.0054303
10000,0.00036839999999999996,0.0018463999999999998,0.0045795,0.011701,0.0228644,0.047926699999999996
100000,0.0028717,0.0173571,0.049466500000000004,0.1280113,0.2569264,0.5342775000000001
1000000,0.0276111,0.1734786,0.5184841,1.4113953000000001,2.6644560000000004,5.4698811
