Iterations,1 Threads,2 Threads,4 Threads,8 Threads,16 Threads,32 Threads
10,1.0,0.3310016787912703,0.18006088280060883,0.051185531325718236,0.015769969073264372,0.003883068116170369
100,1.0,0.6256434253626579,0.202698605215282,0.06539816082958325,0.015511880452942267,0.004395944026513758
1000,1.0,0.5272769301895516,0.17660266336327038,0.051134325681492114,0.015321063944116066,0.003411892111813134
10000,1.0,0.5833333333333335,0.19674046740467402,0.07560502930610702,0.02291284666513867,0.0064550106540969855
100000,1.0,0.7423083054359957,0.13643422209200118,0.05504657650841687,0.01506645872699506,0.0038936550939862196
1000000,1.0,0.6125176849932549,0.18666275618658,0.07054228463596333,0.016955308025793286,0.005324283279183636
