Iterations,1 Threads,2 Threads,3 Threads,4 Threads,5 Threads,6 Threads,7 Threads,8 Threads
10,1.0,0.8357102110667428,0.4321533923303835,0.2730152814014164,0.13653308480894688,0.09208624049280284,0.11041187775558654,0.07071828538327864
100,1.0,0.5648535564853556,0.2541575149042987,0.1974967490247074,0.10366894197952216,0.10017313875834777,0.06722363616244328,0.05087939698492462
1000,1.0,0.536667995217218,0.31585737743373216,0.23984681154257215,0.13577010335265943,0.09195520043706891,0.07230112492281257,0.06357412653446647
10000,1.0,0.5702973497091145,0.3379297136838075,0.2050313734603765,0.13557433730311186,0.10325959737827718,0.10092950092950095,0.07022047118751991
100000,1.0,0.4722872274910704,0.2935951916082845,0.12010586982396793,0.07632364649681529,0.0842673171589311,0.0743264198488079,0.04815275266224635
1000000,1.0,0.460863273598971,0.38900815535897154,0.1517972345793133,0.11841065074312968,0.07124393016040871,0.05771710846064219,0.057024857661672465
