Iterations,1 Threads,2 Threads,3 Threads,4 Threads,5 Threads,6 Threads,7 Threads,8 Threads
10,0.000293,0.0001753,0.000226,0.00026829999999999996,0.00042919999999999997,0.0005302999999999999,0.0003791,0.0005179
100,0.000243,0.00021510000000000002,0.0003187,0.0003076,0.0004688000000000001,0.00040429999999999996,0.0005164000000000001,0.000597
1000,0.0002693,0.0002509,0.00028419999999999997,0.0002807,0.0003967,0.0004881,0.0005321,0.0005295
10000,0.00035290000000000007,0.00030940000000000004,0.00034809999999999995,0.00043030000000000005,0.0005205999999999999,0.0005696,0.0004994999999999999,0.0006282
100000,0.0007669,0.0008119,0.0008707,0.0015963000000000001,0.0020096,0.0015168,0.001474,0.0019907999999999996
1000000,0.006305900000000001,0.0068414,0.005403400000000001,0.0103854,0.010650900000000001,0.014751900000000002,0.0156079,0.013822700000000002
