Iterations,1 Threads,2 Threads,4 Threads,8 Threads,16 Threads,32 Threads
10,0.0002366,0.0003574,0.0003285,0.0005778000000000001,0.0009377,0.0019041000000000002
100,0.0002674,0.0002137,0.0003298,0.0005111,0.0010774,0.0019008999999999994
1000,0.00022810000000000001,0.0002163,0.0003229,0.0005576,0.0009305000000000001,0.0020892000000000003
10000,0.0003199,0.00027419999999999994,0.00040650000000000007,0.0005289,0.0008726,0.0015486999999999999
100000,0.0009313,0.0006272999999999999,0.0017065000000000001,0.0021148,0.003863299999999999,0.0074745
1000000,0.007446499999999999,0.006078600000000001,0.009973200000000002,0.013195100000000001,0.027449,0.043705999999999995
