Iterations,1 Threads,2 Threads,4 Threads,8 Threads,16 Threads,32 Threads
10,4.82e-05,7.130000000000001e-05,9.25e-05,0.00041549999999999996,0.00024199999999999997,0.0004539
100,5.67e-05,7.139999999999999e-05,9.93e-05,0.00015350000000000004,0.00023940000000000002,0.00043440000000000004
1000,4.7999999999999994e-05,6.5e-05,9.49e-05,0.00013479999999999997,0.0003622,0.0006011
10000,8.439999999999999e-05,0.00010989999999999999,0.00014,0.0002307,0.0003632,0.0006346
100000,0.00042520000000000004,0.00042790000000000005,0.00043770000000000007,0.0005496,0.0012358,0.0020258999999999997
1000000,0.0033413000000000006,0.0033271000000000004,0.0033512,0.005125300000000001,0.0084781,0.0141617
