Size,Time
8192,0.19108719999999998
16384,0.7666696
32768,3.0637002000000004
