Iterations,1 Threads,2 Threads,4 Threads,8 Threads,16 Threads,32 Threads
10,9.510000000000001e-05,0.00010460000000000001,0.0001354,0.00021659999999999995,0.0003903,0.0007118999999999999
100,9.740000000000001e-05,9.980000000000001e-05,0.00013960000000000003,0.00022360000000000001,0.0003906,0.0007695
1000,8.28e-05,0.0001023,0.0001848,0.0003742,0.0007853000000000001,0.0012785
10000,0.00019520000000000003,0.0007966000000000001,0.0022132000000000002,0.0033210999999999996,0.0073533,0.014483200000000002
100000,0.0010489,0.008399899999999998,0.021070699999999998,0.0363305,0.07596539999999999,0.15600490000000003
1000000,0.009887200000000002,0.09350520000000001,0.2381456,0.3803478,0.7635126999999999,1.5355138
